action,label,key_in_game,sent_from,tags,status
"consume_1","Consumable 1","Digit5","left:pinky_1 left:index_4","combat required","sent"
"consume_2","Consumable 2","Digit6","left:pinky_2 left:middle_4","combat required","sent"
"consume_3","Consumable 3","Digit7","left:pinky_3 left:ring_4","combat required","sent"
"consume_4","Consumable 4","Digit8","left:pinky_4","combat required","sent"
"weapon_cycle_down","Cycle weapon (down)","ArrowDown","right:stick.down left:thumb_down","combat","sent"
"weapon_cycle_left","Cycle weapon (left)","ArrowLeft","right:pinky_1 right:ring_2 left:thumb_left","combat","sent"
"weapon_cycle_right","Cycle weapon (right)","ArrowRight","right:pinky_2 left:thumb_right","combat","sent"
"weapon_cycle_up","Cycle weapon (up)","ArrowUp","right:stick.up left:thumb_up","combat","sent"
"device_1","Device 1","Digit1","right:thumb_up right:pinky_1 left:ring_1","combat required","sent"
"device_2","Device 2","Digit2","right:thumb_left right:ring_1 left:ring_2","combat required","sent"
"device_3","Device 3","Digit3","right:thumb_right right:middle_1 left:ring_3","combat required","sent"
"device_4","Device 4","Digit4","right:thumb_down right:index_1 left:ring_4","combat required","sent"
"lock_target","Lock target","mouse middle","right:thumb_center right:thumb_aux_lower left:index_2","combat required","sent"
"next_target","Next target","F4","left:thumb_down left:index_2 left:pinky_side left:middle_4","combat required","sent"
"primary_1","Primary 1","F1","left:thumb_up left:thumb_left left:middle_1","combat required","sent"
"primary_2","Primary 2","F2","left:thumb_left left:thumb_down left:middle_2","combat required","sent"
"primary_3","Primary 3","F3","left:thumb_right","combat","sent"
"ultimate","Ultimate","KeyG","left:thumb_center left:thumb_up","combat required","sent"
"boost","Boost","ShiftLeft","left:index_3 right:middle_3","movement required","sent"
"hover_down","Hover down","F10","right:index_2 right:index_4 left:index_4","movement required","sent"
"hover_up","Hover up","F9","right:index_1 right:index_2 left:index_1","movement required","sent"
"inertia_dampeners","Inertia dampeners","AltLeft","right:index_3 right:index_side left:stick_press","movement required","sent"
"roll_left","Roll left","KeyQ","right:stick.left left:pinky_side","movement required","sent"
"roll_right","Roll right","KeyE","right:stick.right left:index_side","movement required","sent"
"strafe_left","Strafe left","KeyA","left:stick.left right:thumb_left","movement required","sent"
"strafe_right","Strafe right","KeyD","left:stick.right right:thumb_right","movement required","sent"
"throttle_down","Throttle down","KeyS","left:stick.down right:thumb_down","movement required","sent"
"throttle_up","Throttle up","KeyW","left:stick.up right:thumb_up","movement required","sent"
"cruise","Cruise drive","KeyF","left:thumb_aux_upper","travel required","sent"
"supralight","Supralight drive","KeyC","right:thumb_aux_upper left:thumb_aux_lower","travel required","sent"
"crafting","Crafting","KeyU","right:ring_5 left:thumb_up","menu","sent"
"data_logs","Data / logs","KeyL","right:index_5 left:thumb_right","menu","sent"
"escape_menu","Escape menu","Escape","left:index_5 left:pinky_1","menu","sent"
"inventory","Inventory","KeyI","right:middle_5 left:middle_5 left:thumb_down","menu","sent"
"map","Map","KeyM","right:pinky_5 left:thumb_left","menu","sent"
"menu_tab","Menu","Tab","left:stick_press left:index_1 left:ring_5 left:thumb_center","menu","sent"
"missions","Missions","KeyK","left:pinky_5 left:ring_5 left:index_5","menu","sent"
"perks","Perks","KeyJ","left:ring_5 left:middle_5","menu","sent"
"ship_menu","Ship","KeyO","left:middle_5 left:index_5","menu","sent"
"interact","Interact / fling","KeyF","left:middle_3 left:index_side","utility required","sent"
"place_marker","Place marker","Equal","left:thumb_aux_lower left:pinky_5","utility","sent"
"view_ship","View ship","KeyV","right:middle_3 right:pinky_3 left:pinky_5","utility","sent"
"pitch","Pitch","(sensor)","","movement required","MISSING"
"yaw","Yaw","(sensor)","","movement required","MISSING"
"1","1","1","right:index_3","","UNDECLARED"
"16","16","16","left:middle_3 left:index_3","","UNDECLARED"
"3","3","3","left:index_3","","UNDECLARED"
"F5","F5","F5","left:middle_2","","UNDECLARED"
"F6","F6","F6","left:ring_2","","UNDECLARED"
"KeyR","KeyR","KeyR","left:ring_3","","UNDECLARED"
